"Data for sheet#",2019022513255438,,"date=",19:20:25 HH:20:SS
"AvgMoe", "AvgSG", "AvgMC", "AvgVel", "AvgUPT", "Width", "Skew", "AvgThick", "Temp", "PkMoisture", "pkDensity"
0, 0.568655294302579, 0, 0, 0, 56.9677419354839, 0, 0.414005449956467, 62.178664410782, 0, 0.647308303765784

"Wheel data"
"pos","EffVel","effUPT","LeftVel","LeftUPT","RightVel","RightUPT"
0,"","","","","",""
0.0645161290322581,"","","","","",""
0.129032258064516,"","","","","",""
0.193548387096774,"","","","","",""
0.258064516129032,"","","","","",""
0.419354838709677,"","","","","",""
0.516129032258065,"","","","","",""
0.612903225806452,"","","","","",""
0.709677419354839,"","","","","",""
0.838709677419355,"","","","","",""
0.903225806451613,"","","","","",""
1,"","","","","",""
1.09677419354839,"","","","","",""
1.16129032258065,"","","","","",""
1.29032258064516,"","","","","",""
1.41935483870968,"","","","","",""
1.54838709677419,"","","","","",""
1.64516129032258,"","","","","",""
1.7741935483871,"","","","","",""
1.87096774193548,"","","","","",""
2,"","","","","",""
2.09677419354839,"","","","","",""
2.19354838709677,"","","","","",""
2.29032258064516,"","","","","",""
2.35483870967742,"","","","","",""
2.38709677419355,"","","","","",""
2.51612903225806,"","","","","",""
2.61290322580645,"","","","","",""
2.70967741935484,"","","","","",""
2.80645161290323,"","","","","",""
2.96774193548387,"","","","","",""
3.03225806451613,"","","","","",""
3.16129032258065,"","","","","",""
3.25806451612903,"","","","","",""
3.35483870967742,"","","","","",""
3.51612903225806,"","","","","",""
3.61290322580645,"","","","","",""
3.7741935483871,"","","","","",""
3.93548387096774,"","","","","",""
4.03225806451613,"","","","","",""
4.09677419354839,"","","","","",""
4.12903225806452,"","","","","",""
4.25806451612903,"","","","","",""
4.38709677419355,"","","","","",""
4.41935483870968,"","","","","",""
4.48387096774194,"","","","","",""
4.58064516129032,"","","","","",""
4.67741935483871,"","","","","",""
4.80645161290323,"","","","","",""
4.93548387096774,"","","","","",""
5,"","","","","",""
5.12903225806452,"","","","","",""
5.25806451612903,"","","","","",""
5.38709677419355,"","","","","",""
5.45161290322581,"","","","","",""
5.54838709677419,"","","","","",""
5.58064516129032,"","","","","",""
5.70967741935484,"","","","","",""
5.80645161290323,"","","","","",""
5.96774193548387,"","","","","",""
6.03225806451613,"","","","","",""
6.2258064516129,"","","","","",""
6.32258064516129,"","","","","",""
6.41935483870968,"","","","","",""
6.48387096774194,"","","","","",""
6.54838709677419,"","","","","",""
6.67741935483871,"","","","","",""
6.83870967741935,"","","","","",""
6.93548387096774,"","","","","",""
7.09677419354839,"","","","","",""
7.16129032258065,"","","","","",""
7.2258064516129,"","","","","",""
7.32258064516129,"","","","","",""
7.41935483870968,"","","","","",""
7.45161290322581,"","","","","",""
7.51612903225806,"","","","","",""
7.58064516129032,"","","","","",""
7.64516129032258,"","","","","",""
7.7741935483871,"","","","","",""
7.83870967741935,"","","","","",""
7.93548387096774,"","","","","",""
8,"","","","","",""
8.16129032258065,"","","","","",""
8.29032258064516,"","","","","",""
8.35483870967742,"","","","","",""
8.48387096774194,"","","","","",""
8.58064516129032,"","","","","",""
8.64516129032258,"","","","","",""
8.80645161290323,"","","","","",""
8.90322580645161,"","","","","",""
9.06451612903226,"","","","","",""
9.2258064516129,"","","","","",""
9.35483870967742,"","","","","",""
9.41935483870968,"","","","","",""
9.51612903225806,"","","","","",""
9.58064516129032,"","","","","",""
9.70967741935484,"","","","","",""
9.80645161290323,"","","","","",""
9.93548387096774,"","","","","",""
10.0322580645161,"","","","","",""
10.1612903225806,"","","","","",""
10.3225806451613,"","","","","",""
10.4193548387097,"","","","","",""
10.4838709677419,"","","","","",""
10.5806451612903,"","","","","",""
10.7096774193548,"","","","","",""
10.8387096774194,"","","","","",""
10.9354838709677,"","","","","",""
11.0645161290323,"","","","","",""
11.1290322580645,"","","","","",""
11.1612903225806,"","","","","",""
11.3225806451613,"","","","","",""
11.3870967741935,"","","","","",""
11.5161290322581,"","","","","",""
11.5483870967742,"","","","","",""
11.5483870967742,"","","","","",""
11.6451612903226,"","","","","",""
11.7741935483871,"","","","","",""
11.8709677419355,"","","","","",""
11.9032258064516,"","","","","",""
11.9677419354839,"","","","","",""
12.0645161290323,"","","","","",""
12.0967741935484,"","","","","",""
12.2258064516129,"","","","","",""
12.3225806451613,"","","","","",""
12.4516129032258,"","","","","",""
21.3225806451613,"","","","","",""
21.4516129032258,"","","","","",""
21.5161290322581,"","","","","",""
21.5806451612903,"","","","","",""
21.6129032258065,"","","","","",""
21.7096774193548,"","","","","",""
21.7741935483871,"","","","","",""
21.8709677419355,"","","","","",""
21.9677419354839,"","","","","",""
22.1290322580645,"","","","","",""
22.1290322580645,"","","","","",""
22.2258064516129,"","","","","",""
22.3225806451613,"","","","","",""
22.3870967741935,"","","","","",""
22.4193548387097,"","","","","",""
22.5161290322581,"","","","","",""
22.6129032258065,"","","","","",""
22.741935483871,"","","","","",""
22.8709677419355,"","","","","",""
22.9677419354839,"","","","","",""
23.0322580645161,"","","","","",""
23.1290322580645,"","","","","",""
23.1935483870968,"","","","","",""
23.258064516129,"","","","","",""
23.3548387096774,"","","","","",""
23.4516129032258,"","","","","",""
23.5483870967742,"","","","","",""
23.6774193548387,"","","","","",""
23.8064516129032,"","","","","",""
24,"","","","","",""
24.0645161290323,"","","","","",""
24.1612903225806,"","","","","",""
24.258064516129,"","","","","",""
24.3225806451613,"","","","","",""
24.4838709677419,"","","","","",""
24.6451612903226,"","","","","",""
24.6774193548387,"","","","","",""
24.7741935483871,"","","","","",""
24.8387096774194,"","","","","",""
24.9032258064516,"","","","","",""
25.0645161290323,"","","","","",""
25.1290322580645,"","","","","",""
25.258064516129,"","","","","",""
25.258064516129,"","","","","",""
25.3870967741935,"","","","","",""
25.5483870967742,"","","","","",""
25.6774193548387,"","","","","",""
25.8064516129032,"","","","","",""
25.9354838709677,"","","","","",""
26.0322580645161,"","","","","",""
26.0645161290323,"","","","","",""
26.0967741935484,"","","","","",""
26.1612903225806,"","","","","",""
26.258064516129,"","","","","",""
26.3548387096774,"","","","","",""
26.4516129032258,"","","","","",""
26.5806451612903,"","","","","",""
26.6129032258065,"","","","","",""
26.6129032258065,"","","","","",""
26.741935483871,"","","","","",""
26.8387096774194,"","","","","",""
26.9677419354839,"","","","","",""
27.0645161290323,"","","","","",""
27.0967741935484,"","","","","",""
27.1935483870968,"","","","","",""
27.258064516129,"","","","","",""
27.3548387096774,"","","","","",""
27.4838709677419,"","","","","",""
27.6129032258065,"","","","","",""
27.7096774193548,"","","","","",""
27.8064516129032,"","","","","",""
27.8709677419355,"","","","","",""
27.9032258064516,"","","","","",""
28,"","","","","",""
28.0322580645161,"","","","","",""
28.1935483870968,"","","","","",""
28.3225806451613,"","","","","",""
28.3870967741935,"","","","","",""
28.4838709677419,"","","","","",""
28.5806451612903,"","","","","",""
28.741935483871,"","","","","",""
28.8064516129032,"","","","","",""
28.8387096774194,"","","","","",""
28.9677419354839,"","","","","",""
29,"","","","","",""
29.1290322580645,"","","","","",""
29.258064516129,"","","","","",""
29.2903225806452,"","","","","",""
29.3870967741935,"","","","","",""
29.4838709677419,"","","","","",""
29.5806451612903,"","","","","",""
29.6451612903226,"","","","","",""
29.7741935483871,"","","","","",""
29.8709677419355,"","","","","",""
29.9354838709677,"","","","","",""
30.0967741935484,"","","","","",""
30.1612903225806,"","","","","",""
30.3225806451613,"","","","","",""
30.4838709677419,"","","","","",""
30.6129032258065,"","","","","",""
30.7741935483871,"","","","","",""
30.9032258064516,"","","","","",""
31,"","","","","",""
31,"","","","","",""
31.0645161290323,"","","","","",""
31.1612903225806,"","","","","",""
31.258064516129,"","","","","",""
31.2903225806452,"","","","","",""
31.3225806451613,"","","","","",""
31.4193548387097,"","","","","",""
31.4838709677419,"","","","","",""
31.6129032258065,"","","","","",""
31.6774193548387,"","","","","",""
31.7741935483871,"","","","","",""
31.9354838709677,"","","","","",""
32.0645161290323,"","","","","",""
32.1612903225806,"","","","","",""
32.3225806451613,"","","","","",""
32.4516129032258,"","","","","",""
32.5161290322581,"","","","","",""
32.5806451612903,"","","","","",""
32.6451612903226,"","","","","",""
32.741935483871,"","","","","",""
32.8387096774194,"","","","","",""
32.9677419354839,"","","","","",""
33.0322580645161,"","","","","",""
33.1290322580645,"","","","","",""
33.1935483870968,"","","","","",""
33.2903225806452,"","","","","",""
33.3870967741936,"","","","","",""
33.4516129032258,"","","","","",""
33.6129032258064,"","","","","",""
33.7096774193548,"","","","","",""
33.8064516129032,"","","","","",""
33.9032258064516,"","","","","",""
34.0322580645161,"","","","","",""
34.1612903225806,"","","","","",""
34.258064516129,"","","","","",""
34.3225806451613,"","","","","",""
34.4193548387097,"","","","","",""
34.5161290322581,"","","","","",""
34.5806451612903,"","","","","",""
34.6774193548387,"","","","","",""
34.7741935483871,"","","","","",""
34.8709677419355,"","","","","",""
35,"","","","","",""
35.0967741935484,"","","","","",""
35.258064516129,"","","","","",""
35.3225806451613,"","","","","",""
35.4193548387097,"","","","","",""
35.5483870967742,"","","","","",""
35.5483870967742,"","","","","",""
35.6451612903226,"","","","","",""
35.7741935483871,"","","","","",""
35.9032258064516,"","","","","",""
36,"","","","","",""
36.1290322580645,"","","","","",""
36.1935483870968,"","","","","",""
36.2903225806452,"","","","","",""
36.4516129032258,"","","","","",""
36.4516129032258,"","","","","",""
36.5483870967742,"","","","","",""
36.6451612903226,"","","","","",""
36.7741935483871,"","","","","",""
36.8709677419355,"","","","","",""
36.9677419354839,"","","","","",""
37.0645161290323,"","","","","",""
37.1290322580645,"","","","","",""
37.3225806451613,"","","","","",""
37.4516129032258,"","","","","",""
37.5483870967742,"","","","","",""
37.6451612903226,"","","","","",""
37.7741935483871,"","","","","",""
37.7741935483871,"","","","","",""
37.8064516129032,"","","","","",""
37.9354838709677,"","","","","",""
38,"","","","","",""
38.0967741935484,"","","","","",""
38.1935483870968,"","","","","",""
38.3548387096774,"","","","","",""
38.4193548387097,"","","","","",""
38.5806451612903,"","","","","",""
38.6774193548387,"","","","","",""
38.7741935483871,"","","","","",""
38.8709677419355,"","","","","",""
38.9354838709677,"","","","","",""
39.0322580645161,"","","","","",""
39.0645161290323,"","","","","",""
39.1612903225806,"","","","","",""
39.1935483870968,"","","","","",""
39.2903225806452,"","","","","",""
39.4193548387097,"","","","","",""
39.5483870967742,"","","","","",""
39.6129032258064,"","","","","",""
39.6774193548387,"","","","","",""
39.7741935483871,"","","","","",""
39.8064516129032,"","","","","",""
39.8709677419355,"","","","","",""
39.9354838709677,"","","","","",""
40.0322580645161,"","","","","",""
40.0645161290323,"","","","","",""
40.1612903225806,"","","","","",""
40.258064516129,"","","","","",""
40.2903225806452,"","","","","",""
40.3548387096774,"","","","","",""
40.4193548387097,"","","","","",""
40.4838709677419,"","","","","",""
40.5806451612903,"","","","","",""
40.6774193548387,"","","","","",""
40.741935483871,"","","","","",""
40.8064516129032,"","","","","",""
40.9032258064516,"","","","","",""
40.9032258064516,"","","","","",""
41,"","","","","",""
41.0967741935484,"","","","","",""
41.1935483870968,"","","","","",""
41.258064516129,"","","","","",""
41.3548387096774,"","","","","",""
41.4516129032258,"","","","","",""
41.5483870967742,"","","","","",""
41.7096774193548,"","","","","",""
41.7741935483871,"","","","","",""
41.8709677419355,"","","","","",""
42.0322580645161,"","","","","",""
42.1290322580645,"","","","","",""
42.2258064516129,"","","","","",""
42.3870967741936,"","","","","",""
42.4516129032258,"","","","","",""
42.5483870967742,"","","","","",""
42.6129032258064,"","","","","",""
42.6129032258064,"","","","","",""
42.741935483871,"","","","","",""
42.8064516129032,"","","","","",""
42.9677419354839,"","","","","",""
43.0967741935484,"","","","","",""
43.1935483870968,"","","","","",""
43.2903225806452,"","","","","",""
43.3548387096774,"","","","","",""
43.4838709677419,"","","","","",""
43.6129032258064,"","","","","",""
43.7096774193548,"","","","","",""
43.8387096774194,"","","","","",""
43.9354838709677,"","","","","",""
44.0645161290323,"","","","","",""
44.1290322580645,"","","","","",""
44.2258064516129,"","","","","",""
44.3225806451613,"","","","","",""
44.4516129032258,"","","","","",""
44.5806451612903,"","","","","",""
44.6129032258064,"","","","","",""
44.741935483871,"","","","","",""
44.8064516129032,"","","","","",""
44.9032258064516,"","","","","",""
45.0645161290323,"","","","","",""
45.1290322580645,"","","","","",""
45.1612903225806,"","","","","",""
45.2258064516129,"","","","","",""
45.3870967741936,"","","","","",""
45.5483870967742,"","","","","",""
45.6774193548387,"","","","","",""
45.8064516129032,"","","","","",""
45.9677419354839,"","","","","",""
46.0322580645161,"","","","","",""
46.0967741935484,"","","","","",""
46.2258064516129,"","","","","",""
46.3225806451613,"","","","","",""
46.4516129032258,"","","","","",""
46.5806451612903,"","","","","",""
46.6451612903226,"","","","","",""
46.7096774193548,"","","","","",""
46.8387096774194,"","","","","",""
46.9354838709677,"","","","","",""
47.0645161290323,"","","","","",""
47.1612903225806,"","","","","",""
47.2258064516129,"","","","","",""
47.2903225806452,"","","","","",""
47.4193548387097,"","","","","",""
47.4516129032258,"","","","","",""
47.6129032258064,"","","","","",""
47.7096774193548,"","","","","",""
47.7741935483871,"","","","","",""
47.8064516129032,"","","","","",""
47.9032258064516,"","","","","",""
48,"","","","","",""
48.0967741935484,"","","","","",""
48.1612903225806,"","","","","",""
48.1935483870968,"","","","","",""
48.3870967741936,"","","","","",""
48.4838709677419,"","","","","",""
48.4838709677419,"","","","","",""
48.6129032258064,"","","","","",""
48.7096774193548,"","","","","",""
48.8387096774194,"","","","","",""
48.8387096774194,"","","","","",""
48.9032258064516,"","","","","",""
49,"","","","","",""
49.1612903225806,"","","","","",""
49.2258064516129,"","","","","",""
49.258064516129,"","","","","",""
49.3548387096774,"","","","","",""
49.4193548387097,"","","","","",""
49.5161290322581,"","","","","",""
49.5483870967742,"","","","","",""
49.6129032258064,"","","","","",""
49.6774193548387,"","","","","",""
49.741935483871,"","","","","",""
49.8709677419355,"","","","","",""
49.9677419354839,"","","","","",""
50.0645161290323,"","","","","",""
50.0967741935484,"","","","","",""
50.1612903225806,"","","","","",""
50.3225806451613,"","","","","",""
50.3870967741936,"","","","","",""
50.4516129032258,"","","","","",""
50.5483870967742,"","","","","",""
50.6451612903226,"","","","","",""
50.741935483871,"","","","","",""
50.8064516129032,"","","","","",""
50.8387096774194,"","","","","",""
51,"","","","","",""
51.0967741935484,"","","","","",""
51.2258064516129,"","","","","",""
51.3548387096774,"","","","","",""
51.3870967741936,"","","","","",""
51.4838709677419,"","","","","",""
51.5161290322581,"","","","","",""
51.6774193548387,"","","","","",""
51.741935483871,"","","","","",""
51.8387096774194,"","","","","",""
51.9032258064516,"","","","","",""
51.9677419354839,"","","","","",""
52.0967741935484,"","","","","",""
52.2258064516129,"","","","","",""
52.3225806451613,"","","","","",""
52.3870967741936,"","","","","",""
52.4838709677419,"","","","","",""
52.6129032258064,"","","","","",""
52.6451612903226,"","","","","",""
52.7096774193548,"","","","","",""
52.7741935483871,"","","","","",""
52.9032258064516,"","","","","",""
53.0322580645161,"","","","","",""
53.1290322580645,"","","","","",""
53.2258064516129,"","","","","",""
53.3548387096774,"","","","","",""
53.4838709677419,"","","","","",""
53.5161290322581,"","","","","",""
53.6451612903226,"","","","","",""
53.6774193548387,"","","","","",""
53.6774193548387,"","","","","",""
53.8064516129032,"","","","","",""
53.8709677419355,"","","","","",""
53.9677419354839,"","","","","",""
54,"","","","","",""
54.0967741935484,"","","","","",""
54.1935483870968,"","","","","",""
54.2258064516129,"","","","","",""
54.3225806451613,"","","","","",""
54.3225806451613,"","","","","",""
54.3225806451613,"","","","","",""
54.4193548387097,"","","","","",""
54.5161290322581,"","","","","",""
54.6129032258064,"","","","","",""
54.6774193548387,"","","","","",""
54.741935483871,"","","","","",""
54.8709677419355,"","","","","",""
55,"","","","","",""
55.0967741935484,"","","","","",""
55.1612903225806,"","","","","",""
55.258064516129,"","","","","",""
55.3225806451613,"","","","","",""
55.3870967741936,"","","","","",""
55.4193548387097,"","","","","",""
55.4838709677419,"","","","","",""
55.5161290322581,"","","","","",""
55.5806451612903,"","","","","",""
55.7096774193548,"","","","","",""
55.7096774193548,"","","","","",""
55.741935483871,"","","","","",""
55.7741935483871,"","","","","",""
55.9032258064516,"","","","","",""
55.9032258064516,"","","","","",""
56.0322580645161,"","","","","",""
56.0645161290323,"","","","","",""
56.1612903225806,"","","","","",""
56.2258064516129,"","","","","",""
56.3225806451613,"","","","","",""
56.4516129032258,"","","","","",""
56.5806451612903,"","","","","",""
56.6774193548387,"","","","","",""
56.741935483871,"","","","","",""
56.7741935483871,"","","","","",""
56.8709677419355,"","","","","",""
56.9354838709677,"","","","","",""
56.9677419354839,"","","","","",""

"Avg Vel","stdev Vel.","avg UPT","stdev UPT"
0,0,0,0



"","","","Cavity 1","","","","","","","Cavity 2","","","","","","","Cavity 3","","","","","","","Cavity 4","","","","","","","Cavity 5","","","","","","","Cavity 6","","","","","","","Cavity 7","","","",""
"Row#","Position","MC","SG","X","dF","ddB","dQ","Position","MC","SG","X","dF","ddB","dQ","Position","MC","SG","X","dF","ddB","dQ","Position","MC","SG","X","dF","ddB","dQ","Position","MC","SG","X","dF","ddB","dQ","Position","MC","SG","X","dF","ddB","dQ","Position","MC","SG","X","dF","ddB","dQ"
1,"","","","","","","",6.58064516129032,"","","",-9988741.51817751,"","",6.61290322580645,"","","",-10526238.4963013,"","",6.35483870967742,"","","",-40371.4085834622,0.0474331648457369,"",6.48387096774194,"","","",-30054.504897058,0.0213875513951436,"",6.51612903225806,"","","",-34334.9675738811,-0.0133073693613213,"","","","","","","",""
2,"","","","","","","",6.74193548387097,"","","",-9988741.51817751,"","",6.7741935483871,"","","",-10526238.4963013,"","",6.61290322580645,"","","",-36568.3907694221,0.0223140219928784,"",6.67741935483871,"","","",-24587.6274017096,0.0110684297003285,"",6.70967741935484,"","","",-41882.3342476487,-0.00241361719021427,"","","","","","","",""
3,"","","","","","","",7.06451612903226,"","","",-9988741.51817751,"","",7.12903225806452,"","","",-10526238.4963013,"","",6.87096774193548,"","","",-37408.7538604736,0.0249769345978308,"",6.93548387096774,"","","",-29441.3583218455,0.0120079638285997,"",6.96774193548387,"","","",-38079.5613530278,-0.0162166046350052,"","","","","","","",""
4,"","","","","","","",7.29032258064516,"","","",-9988741.51817751,"","",7.32258064516129,"","","",-10526238.4963013,"","",7.12903225806452,"","","",-44320.2609010339,0.0325432041897944,"",7.19354838709677,"","","",-39641.9390112758,0.0211066101234394,"",7.25806451612903,"","","",-38104.7264701724,-0.00323620663986901,"","","","","","","",""
5,"","","","","","","",7.51612903225806,"","","",-9988741.51817751,"","",7.51612903225806,"","","",-10526238.4963013,"","",7.35483870967742,"","","",-34018.7017774582,0.045983144880708,"",7.41935483870968,"","","",-25186.5285440683,0.0154212689988444,"",7.41935483870968,"","","",-34586.2878891826,-0.0308532976030946,"","","","","","","",""
6,"","","","","","","",7.83870967741935,"","","",-9988741.51817751,"","",7.87096774193548,"","","",-10526238.4963013,"","",7.58064516129032,"","","",-40362.6401801109,0.0325023201682235,"",7.67741935483871,"","","",-31821.9640805125,0.00638782558482198,"",7.74193548387097,"","","",-39623.2357577085,-0.0141490149372245,"","","","","","","",""
7,"","","","","","","",8.12903225806452,"","","",-9988741.51817751,"","",8.12903225806452,"","","",-10526238.4963013,"","",7.96774193548387,"","","",-32627.6680593491,0.0265441554246966,"",8,"","","",-29501.6400207281,0.0101529637495403,"",8.06451612903226,"","","",-39389.9993792176,-0.0285109820852583,"","","","","","","",""
8,"","","","","","","",8.32258064516129,"","","",-9988741.51817751,"","",8.35483870967742,"","","",-10526238.4963013,"","",8.16129032258065,"","","",-43583.4801248312,0.0241483517606706,"",8.2258064516129,"","","",-25163.4402294755,0.0155709293024628,"",8.29032258064516,"","","",-35139.1284167171,-0.00495602203364598,"","","","","","","",""
9,"","","","","","","",8.67741935483871,"","","",-9988741.51817751,"","",8.70967741935484,"","","",-10526238.4963013,"","",8.41935483870968,"","","",-44229.7065831423,0.0565857344746341,"",8.51612903225806,"","","",-28166.1471627951,0.00520279604623042,"",8.58064516129032,"","","",-39927.7494301796,0.00720496253287806,"","","","","","","",""
10,"","","","","","","",9,"","","",-9988741.51817751,"","",9.09677419354839,"","","",-10526238.4963013,"","",8.7741935483871,"","","",-43467.8237100244,0.0286960177600193,"",8.90322580645161,"","","",-29417.9634997845,0.0156794549027488,"",9,"","","",-33173.5179264545,-0.0278392536350545,"","","","","","","",""
11,"","","","","","","",9.32258064516129,"","","",-9988741.51817751,"","",9.38709677419355,"","","",-10526238.4963013,"","",9.16129032258065,"","","",-37456.815367043,0.0134517289171328,"",9.2258064516129,"","","",-22797.5983880758,0.01139138088182,"",9.25806451612903,"","","",-31237.2147001028,0.00111176616545094,"","","","","","","",""
12,"","","","","","","",9.67741935483871,"","","",-9988741.51817751,"","",9.70967741935484,"","","",-10526238.4963013,"","",9.45161290322581,"","","",-45613.8510460258,0.0373457139235978,"",9.54838709677419,"","","",-38183.946316123,0.0145661922933762,"",9.67741935483871,"","","",-36822.6790502667,-0.0155893404793801,"","","","","","","",""
13,"","","","","","","",9.87096774193548,"","","",-9988741.51817751,"","",9.93548387096774,"","","",-10526238.4963013,"","",9.7741935483871,"","","",-34971.9025610685,0.032484603758876,"",9.80645161290323,"","","",-27061.772344768,0.0164601390596353,"",9.83870967741935,"","","",-36144.6374099255,-0.0147889831770129,"","","","","","","",""
14,"","","","","","","",10.1935483870968,"","","",-9988741.51817751,"","",10.258064516129,"","","",-10526238.4963013,"","",10.0645161290323,"","","",-35533.4012066126,0.0404992347873954,"",10.1290322580645,"","","",-30784.0154322386,-0.0223425766776515,"",10.1290322580645,"","","",-39632.7088416815,-0.0156036325740665,"","","","","","","",""
15,"","","","","","","",10.4838709677419,"","","",-9988741.51817751,"","",10.6129032258065,"","","",-10526238.4963013,"","",10.258064516129,"","","",-40324.0173828006,0.0224312228547134,"",10.3548387096774,"","","",-30731.2130869031,-0.0074973248064456,"",10.3870967741935,"","","",-38193.1638818979,0.00720655054339758,"","","","","","","",""
16,"","","","","","","",10.8709677419355,"","","",-9988741.51817751,"","",10.9354838709677,"","","",-10526238.4963013,"","",10.6774193548387,"","","",-33995.2210187912,0.0331918973320455,"",10.7096774193548,"","","",-26628.8120186925,0.0125081443170085,"",10.8064516129032,"","","",-31740.1876190305,-0.00291542851471505,"","","","","","","",""
17,"","","","","","","",11.0967741935484,"","","",-9988741.51817751,"","",11.1290322580645,"","","",-10526238.4963013,"","",11.0322580645161,"","","",-36128.4924905896,0.0343543663453634,"",11.0322580645161,"","","",-26981.9228695035,0.0167121985183609,"",11.0645161290323,"","","",-40881.0776865482,-0.0217079450151374,"","","","","","","",""
18,"","","","","","","",11.3225806451613,"","","",-9988741.51817751,"","",11.3548387096774,"","","",-10526238.4963013,"","",11.1612903225806,"","","",-40820.9317675233,0.0368210356467777,"",11.258064516129,"","","",-23654.6389193535,0.0150654975753319,"",11.258064516129,"","","",-33465.0408412218,-0.0376007543049965,"","","","","","","",""
19,"","","","","","","",11.6129032258065,"","","",-9988741.51817751,"","",11.6129032258065,"","","",-10526238.4963013,"","",11.4193548387097,"","","",-37544.740023315,0.0283839363953646,"",11.5161290322581,"","","",-28348.5763585567,0.00353596535475909,"",11.5806451612903,"","","",-33988.0985887051,-0.0399192496650294,"","","","","","","",""
20,"","","","","","","",11.7741935483871,"","","",-9988741.51817751,"","",11.8709677419355,"","","",-10526238.4963013,"","",11.6129032258065,"",0.632510342340241,-0.0954021295167983,-53476.0953528285,0.0278524441149486,-32.1503619624417,11.6451612903226,"","","",-32956.1646469235,0.0079036831629935,"",11.741935483871,"","","",-32067.2095336914,-0.02199537491936,"","","","","","","",""
21,"","","","","","","",12.0967741935484,"","","",-9988741.51817751,"","",12.1290322580645,"","","",-10526238.4963013,"","",11.9354838709677,"","","",-46344.0633972883,0.0641915252874483,"",12,"","","",-29256.7434704304,0.0020581792573342,"",12.0645161290323,"","","",-40240.6505201459,0.012818579723092,"","","","","","","",""
22,"","","","","","","",12.3225806451613,"","","",-9988741.51817751,"","",12.3548387096774,"","","",-10526238.4963013,"","",12.1935483870968,"","","",-37060.2291624546,0.0345642376560917,"",12.2258064516129,"","","",-32756.0181773901,0.0159634593970424,"",12.258064516129,"","","",-42290.9830940366,0.0041131060493278,"","","","","","","",""
23,"","","","","","","",12.7096774193548,"","","",-9988741.51817751,"","",12.741935483871,"","","",-10526238.4963013,"","",12.4516129032258,"","","",-39693.7608195543,0.0316819141353779,"",12.5161290322581,"","","",-27714.9654012322,0.0175261405204967,"",12.6129032258065,"","","",-35803.7739647627,-0.00899433278745576,"","","","","","","",""
24,"","","","","","","",12.9032258064516,"","","",-9988741.51817751,"","",12.9032258064516,"","","",-10526238.4963013,"","",12.7741935483871,"","","",-45092.3100804687,0.023052659982584,"",12.8064516129032,"","","",-39300.6530441046,0.00813867609586794,"",12.8709677419355,"","","",-38772.2150892019,-0.00894351645079539,"","","","","","","",""
25,"","","","","","","",13.0967741935484,"","","",-9988741.51817751,"","",13.1935483870968,"","","",-10526238.4963013,"","",13,"","","",-34135.4495877624,0.0440111722402943,"",13,"","","",-29426.0730554461,0.0136559775813101,"",13.0322580645161,"",0.370702178252505,0.173662702926303,-50838.7297750711,-0.048208664582404,-8.08290800677298,"","","","","","",""
26,"","","","","","","",13.4516129032258,"","","",-9988741.51817751,"","",13.5161290322581,"","","",-10526238.4963013,"","",13.258064516129,"","","",-42705.4166232347,0.0149576237116413,"",13.3548387096774,"","","",-33443.5114174485,0.0128726678050626,"",13.3870967741935,"","","",-35148.6731145978,-0.00234374472730892,"","","","","","","",""
27,"","","","","","","",13.7741935483871,"","","",-9988741.51817751,"","",13.8064516129032,"","","",-10526238.4963013,"","",13.5483870967742,"","","",-35785.1984703541,0.0297658163244439,"",13.6129032258065,"","","",-44337.8157544136,0.0194358410029256,"",13.741935483871,"","","",-34187.3871239424,-0.0215729641208853,"","","","","","","",""
28,"","","","","","","",14,"","","",-9988741.51817751,"","",14.0322580645161,"","","",-10526238.4963013,"","",13.8387096774194,"","","",-46359.4374648333,0.0362663757541402,"",13.9032258064516,"","","",-23959.4361827374,0.002954828269365,"",13.9354838709677,"","","",-36667.9959357381,-0.0172027591682777,"","","","","","","",""
29,"","","","","","","",14.258064516129,"","","",-9988741.51817751,"","",14.2903225806452,"","","",-10526238.4963013,"","",14.0967741935484,"","","",-36444.9255771637,0.023646841096074,"",14.1612903225806,"","","",-26056.983787179,0.00723502543220711,"",14.2258064516129,"","","",-39053.5487812161,0.00898512232643611,"","","","","","","",""
30,"","","","","","","",14.5806451612903,"","","",-9988741.51817751,"","",14.5806451612903,"","","",-10526238.4963013,"","",14.3548387096774,"","","",-38459.1661882401,0.0235568962486177,"",14.4193548387097,"","","",-35498.3828789592,0.0165135266533234,"",14.4838709677419,"","","",-36524.0935747027,0.00787986700412091,"","","","","","","",""
31,"","","","","","","",14.8064516129032,"","","",-9988741.51817751,"","",14.9032258064516,"","","",-10526238.4963013,"","",14.6129032258065,"","","",-42378.1182789803,0.0323633144948854,"",14.6774193548387,"","","",-31301.7178938985,0.0118723068282431,"",14.741935483871,"","","",-46011.5690364242,-0.0153114386382818,"","","","","","","",""
32,"","","","","","","",15.1290322580645,"","","",-9988741.51817751,"","",15.1935483870968,"","","",-10526238.4963013,"","",14.9354838709677,"","","",-36414.4237937331,0.0263669913312246,"",15,"","","",-35383.3308852315,0.00504088285225635,"",15.0967741935484,"","","",-34958.5139166117,-0.0398652573073299,"","","","","","","",""
33,"","","","","","","",15.5483870967742,"","","",-9988741.51817751,"","",15.6129032258065,"","","",-10526238.4963013,"","",15.2903225806452,"","","",-40218.1921212673,0.0392345557201512,"",15.3225806451613,"",0.435155172368832,0.088234545383324,-50302.1891391873,-0.0242343354277761,150.366188187504,15.4516129032258,"","","",-33533.685608983,-0.0687940449605478,"","","","","","","",""
34,"","","","","","","",15.9032258064516,"","","",-9988741.51817751,"","",16,"","","",-10526238.4963013,"","",15.741935483871,"","","",-36814.9573553801,0.0288009534153826,"",15.8064516129032,"","","",-40639.1708723307,-0.00684048236278656,"",15.8709677419355,"","","",-41992.8459213972,0.000232008337054168,"","","","","","","",""
35,"","","","","","","",16.0645161290323,"","","",-9988741.51817751,"","",16.1612903225806,"","","",-10526238.4963013,"","",16,"","","",-38772.6401892304,0.0161650651486891,"",16,"","","",-30678.0899113417,0.00543078732747304,"",16.0322580645161,"","","",-48026.2250079513,-0.0292557590194029,"","","","","","","",""
36,"","","","","","","",16.3225806451613,"","","",-9988741.51817751,"","",16.3225806451613,"","","",-10526238.4963013,"","",16.2258064516129,"","","",-37997.7207255363,0.0373961375502017,"",16.2903225806452,"","","",-36539.6687339544,0.00875175821683172,"",16.2903225806452,"","","",-31977.5002595186,-0.0327589102277805,"","","","","","","",""
37,"","","","","","","",16.5806451612903,"","","",-9988741.51817751,"","",16.6129032258065,"","","",-10526238.4963013,"","",16.4193548387097,"","","",-35066.372725904,0.0258682062680649,"",16.4193548387097,"","","",-28754.0283614397,0.0165415332598489,"",16.4516129032258,"","","",-35387.3464187384,-0.0185414520371197,"","","","","","","",""
38,"","","","","","","",16.8387096774194,"","","",-9988741.51817751,"","",16.9354838709677,"","","",-10526238.4963013,"","",16.6451612903226,"","","",-41188.3023740053,0.0171367420613446,"",16.7096774193548,"","","",-29979.6053731441,0.00124730047778776,"",16.7741935483871,"","","",-33155.0200614929,-0.00983439035283595,"","","","","","","",""
39,"","","","","","","",17.2258064516129,"","","",-9988741.51817751,"","",17.3225806451613,"","","",-10526238.4963013,"","",17.0322580645161,"","","",-38222.141435504,0.0370840561855488,"",17.0967741935484,"","","",-47525.1375390887,0.0110811201939107,"",17.1612903225806,"","","",-40389.0459359884,-0.0371497593171561,"","","","","","","",""
40,"","","","","","","",17.5161290322581,"","","",-9988741.51817751,"","",17.5806451612903,"","","",-10526238.4963013,"","",17.3870967741935,"","","",-44494.5919994116,0.0408930841951918,"",17.4516129032258,"","","",-28891.5327385664,0.00597210251921609,"",17.4838709677419,"","","",-48505.4407386184,-0.0173075678626375,"","","","","","","",""
41,"","","","","","","",17.8064516129032,"","","",-9988741.51817751,"","",17.8387096774194,"","","",-10526238.4963013,"","",17.6129032258065,"","","",-41022.6250968575,0.0392509093287803,"",17.6451612903226,"","","",-27609.329200387,0.00498530724243373,"",17.6774193548387,"","","",-36463.9436452985,0.0123469405984835,"","","","","","","",""
42,"","","","","","","",18.0645161290323,"","","",-9988741.51817751,"","",18.0967741935484,"","","",-10526238.4963013,"","",17.9354838709677,"","","",-38887.795306921,0.0364244606375461,"",17.9677419354839,"","","",-31544.0592609644,0.0109065165063544,"",18,"","","",-35941.8584142923,-0.0032616148081992,"","","","","","","",""
43,"","","","","","","",18.3225806451613,"","","",-9988741.51817751,"","",18.3870967741935,"","","",-10526238.4963013,"","",18.1935483870968,"","","",-37800.9945348501,0.0362363941383208,"",18.2258064516129,"","","",-31338.0719634891,0.0166299291116943,"",18.2903225806452,"","","",-34483.6766585112,-0.0382264304501021,"","","","","","","",""
44,"","","","","","","",18.6129032258065,"","","",-9988741.51817751,"","",18.6774193548387,"","","",-10526238.4963013,"","",18.4193548387097,"","","",-45477.9135805964,0.0414095856676973,"",18.4838709677419,"","","",-47098.5537127852,-8.17005224735823e-05,"",18.5806451612903,"","","",-34803.1920064092,-0.00294560071460381,"","","","","","","",""
45,"","","","","","","",18.9677419354839,"","","",-9988741.51817751,"","",19.0322580645161,"","","",-10526238.4963013,"","",18.8064516129032,"","","",-34306.7557159066,0.0398123832250139,"",18.8387096774194,"","","",-28446.9451829791,0.0085622760195605,"",18.9032258064516,"","","",-40192.884062767,0.00613623145253328,"","","","","","","",""
46,"","","","","","","",19.2903225806452,"","","",-9988741.51817751,"","",19.3225806451613,"","","",-10526238.4963013,"","",19.1290322580645,"","","",-37327.1885166168,0.0274354270949306,"",19.1935483870968,"","","",-29930.7303328514,0.0182600011320986,"",19.258064516129,"",0.435325001063367,0.0709192249339221,-52555.0738360882,-0.02035178403057,-7.6942051012154,"","","","","","",""
47,"","","","","","","",19.5483870967742,"","","",-9988741.51817751,"","",19.5806451612903,"","","",-10526238.4963013,"","",19.3548387096774,"","","",-38365.9850732088,0.0414477440878294,"",19.4516129032258,"","","",-32929.8279266953,0.00621759792953647,"",19.5161290322581,"","","",-40931.430837214,0.00608859113691551,"","","","","","","",""
48,"","","","","","","",19.7741935483871,"","","",-9988741.51817751,"","",19.8709677419355,"","","",-10526238.4963013,"","",19.6451612903226,"","","",-42315.178272903,0.00631474155165712,"",19.7096774193548,"","","",-33650.9023469687,0.0120639770416506,"",19.741935483871,"","","",-40394.0474493504,-0.000214222619224103,"","","","","","","",""
49,"","","","","","","",20.1612903225806,"","","",-9988741.51817751,"","",20.258064516129,"","","",-10526238.4963013,"","",19.9354838709677,"","","",-46911.3885480762,0.0525572955492297,"",20,"","","",-37595.8273593783,-0.0120680905119848,"",20.0967741935484,"","","",-39334.4814355373,-0.0277582650985053,"","","","","","","",""
50,"","","","","","","",20.4838709677419,"","","",-9988741.51817751,"","",20.5483870967742,"","","",-10526238.4963013,"","",20.258064516129,"","","",-40138.9556607604,0.0305344359299689,"",20.3225806451613,"","","",-28110.1737548709,0.0138104515204258,"",20.3870967741935,"","","",-36864.003123045,-0.00951996426976365,"","","","","","","",""
51,"","","","","","","",20.6774193548387,"","","",-9988741.51817751,"","",20.7741935483871,"","","",-10526238.4963013,"","",20.5483870967742,"","","",-36294.9460623264,0.0262947628931176,"",20.5806451612903,"","","",-33153.9965558648,0.0170771596096415,"",20.6451612903226,"","","",-37464.5084163547,-0.000851014837973452,"","","","","","","",""
52,"","","","","","","",21.0322580645161,"","","",-9988741.51817751,"","",21.1290322580645,"","","",-10526238.4963013,"","",20.8387096774194,"","","",-34732.414290905,0.0482099612555746,"",20.9032258064516,"","","",-32801.8396018744,0.00307341874386857,"",20.9677419354839,"","","",-34414.0407546759,1.7626916779534e-05,"","","","","","","",""
53,"","","","","","","",21.3548387096774,"","","",-9988741.51817751,"","",21.4516129032258,"","","",-10526238.4963013,"","",21.1612903225806,"","","",-37465.8014765978,0.0268984836116406,"",21.2258064516129,"","","",-35432.601234138,0.0110504879680224,"",21.2903225806452,"","","",-35824.3557936549,-0.0168994491588492,"","","","","","","",""
54,"","","","","","","",21.5806451612903,"","","",-9988741.51817751,"","",21.6129032258065,"","","",-10526238.4963013,"","",21.4516129032258,"","","",-42644.0922262073,0.025141833484831,"",21.4516129032258,"","","",-29391.9361515045,0.014918025287848,"",21.5483870967742,"","","",-38078.1534241438,-0.0158561262468382,"","","","","","","",""
55,"","","","","","","",21.8709677419355,"","","",-9988741.51817751,"","",21.9677419354839,"","","",-10526238.4963013,"","",21.6774193548387,"","","",-40537.9366334677,0.0176886763525452,"",21.7741935483871,"","","",-31232.9742990136,0.00137726863619214,"",21.8064516129032,"","","",-37739.74633497,0.00989346434420213,"","","","","","","",""
56,"","","","","","","",22.1935483870968,"","","",-9988741.51817751,"","",22.2903225806452,"","","",-10526238.4963013,"","",22.0322580645161,"","","",-46066.5252408385,0.0397660480005673,"",22.0645161290323,"","","",-28272.8117389679,0.00253735479084938,"",22.0967741935484,"","","",-38910.8767465949,0.00891366185300768,"","","","","","","",""
57,"","","","","","","",22.5483870967742,"","","",-9988741.51817751,"","",22.6129032258065,"","","",-10526238.4963013,"","",22.4193548387097,"",0.70886962568582,-0.190356565234482,-52432.598061204,0.0544897469687911,-11.1506086221826,22.4516129032258,"","","",-37013.5291787386,0.00769450882050826,"",22.4838709677419,"","","",-35849.4636196494,-0.0260193935784834,"","","","","","","",""
58,"","","","","","","",22.7741935483871,"","","",-9988741.51817751,"","",22.8064516129032,"","","",-10526238.4963013,"","",22.7096774193548,"","","",-43989.0581681132,0.0553782930375881,"",22.7741935483871,"","","",-34263.8111640811,0.00665957718876165,"",22.7741935483871,"","","",-41038.1770532727,-0.00616132201875885,"","","","","","","",""
59,"","","","","","","",23.0322580645161,"","","",-9988741.51817751,"","",23.0645161290323,"","","",-10526238.4963013,"","",22.8709677419355,"","","",-41426.2380552888,0.0248133985115491,"",22.9354838709677,"","","",-24110.6474563479,-0.00185486879809282,"",23,"","","",-41664.0637375712,-0.0292986353034586,"","","","","","","",""
60,"","","","","","","",23.3870967741935,"","","",-9988741.51817751,"","",23.4193548387097,"","","",-10526238.4963013,"","",23.1290322580645,"","","",-34785.861161232,0.0363808510145365,"",23.1935483870968,"","","",-24378.1310241818,-0.0014728411809628,"",23.3225806451613,"","","",-37520.9888505936,-0.0278201975088095,"","","","","","","",""
61,"","","","","","","",23.7096774193548,"","","",-9988741.51817751,"","",23.741935483871,"","","",-10526238.4963013,"","",23.5161290322581,"","","",-45635.1604719162,0.0159224866207044,"",23.5806451612903,"","","",-27245.7627231479,0.00847519297739652,"",23.6451612903226,"","","",-46581.1858313084,-0.00691403900550824,"","","","","","","",""
62,"","","","","","","",23.9677419354839,"","","",-9988741.51817751,"","",23.9677419354839,"","","",-10526238.4963013,"","",23.8387096774194,"","","",-39631.7030963898,0.0295273261986164,"",23.8709677419355,"","","",-35010.3199696541,0.010005929065283,"",23.9032258064516,"","","",-40664.5101545453,-0.0176124658825856,"","","","","","","",""
63,"","","","","","","",24.1612903225806,"","","",-9988741.51817751,"","",24.1935483870968,"","","",-10526238.4963013,"","",24.0645161290323,"","","",-48461.1988298893,0.0412923848058622,"",24.0645161290323,"","","",-36720.1872714758,0.00934296017644698,"",24.1290322580645,"","","",-38023.9188012481,-0.012595940648108,"","","","","","","",""
64,"","","","","","","",24.4516129032258,"","","",-9988741.51817751,"","",24.5161290322581,"","","",-10526238.4963013,"","",24.2258064516129,"","","",-35762.2419252396,0.0426252039090578,"",24.2903225806452,"","","",-24606.1123762131,0.00415473631767327,"",24.3548387096774,"","","",-41743.822979331,-0.0423393776983758,"","","","","","","",""
65,"","","","","","","",24.6774193548387,"","","",-9988741.51817751,"","",24.741935483871,"","","",-10526238.4963013,"","",24.6129032258065,"","","",-36737.9581124783,0.0403029914838573,"",24.6129032258065,"","","",-25537.0498370528,0.00433152802136227,"",24.6774193548387,"","","",-46058.1667553186,0.00799102774055882,"","","","","","","",""
66,"","","","","","","",24.9032258064516,"","","",-9988741.51817751,"","",24.9032258064516,"","","",-10526238.4963013,"","",24.7741935483871,"",0.583267776650207,-0.033719915657213,-54652.8231052756,0.0100610807282262,23.1933033765911,24.8064516129032,"","","",-31063.3439356685,0.00396656693008346,"",24.8709677419355,"","","",-38965.1328537464,-0.0922060840653067,"","","","","","","",""
67,"","","","","","","",25.0645161290323,"","","",-9988741.51817751,"","",25.1290322580645,"","","",-10526238.4963013,"","",24.9677419354839,"","","",-48962.2926007509,0.0382179063837675,"",25.0322580645161,"","","",-28211.9915036559,0.00642414665265889,"",25.0322580645161,"","","",-36125.9404584169,-0.0373847848741988,"","","","","","","",""
68,"","","","","","","",25.3225806451613,"","","",-9988741.51817751,"","",25.3548387096774,"","","",-10526238.4963013,"","",25.1935483870968,"","","",-42103.5105624795,0.026615021062085,"",25.258064516129,"","","",-33886.3057614565,-0.00181767252380283,"",25.2903225806452,"","","",-39248.9114435911,0.00107206590243791,"","","","","","","",""
69,"","","","","","","",25.5161290322581,"","","",-9988741.51817751,"","",25.5806451612903,"","","",-10526238.4963013,"","",25.3548387096774,"",0.598362889921025,-0.0547739642612396,-51879.3063662648,0.0155136464049992,2.80872964072068,25.4193548387097,"","","",-26507.9908108115,0.00859378345190009,"",25.4516129032258,"","","",-40335.0462065339,0.0138714306982273,"","","","","","","",""
70,"","","","","","","",25.7741935483871,"","","",-9988741.51817751,"","",25.7741935483871,"","","",-10526238.4963013,"","",25.6129032258065,"","","",-36619.3483412862,0.0437863101216571,"",25.6774193548387,"","","",-29219.4125874639,0.00933814654094967,"",25.6774193548387,"","","",-41660.5875998735,-0.0107236762443534,"","","","","","","",""
71,"","","","","","","",25.9354838709677,"","","",-9988741.51817751,"","",25.9677419354839,"","","",-10526238.4963013,"","",25.8387096774194,"","","",-46380.1510632634,0.0497785448831607,"",25.9032258064516,"","","",-38611.8134631515,-0.0137856831777814,"",25.9032258064516,"","","",-41361.4077292085,-0.0129167187732619,"","","","","","","",""
72,"","","","","","","",26.1935483870968,"","","",-9988741.51817751,"","",26.2258064516129,"","","",-10526238.4963013,"","",26.0645161290323,"","","",-42357.9403524399,0.0135498505689018,"",26.0645161290323,"","","",-25051.1897706389,0.0101569021785828,"",26.1290322580645,"","","",-35515.7100002766,-0.00840835690536323,"","","","","","","",""
73,"","","","","","","",26.4516129032258,"","","",-9988741.51817751,"","",26.5483870967742,"","","",-10526238.4963013,"","",26.258064516129,"","","",-40333.8485360742,0.0385258993462649,"",26.3548387096774,"","","",-27881.2728805542,0.00243626844542355,"",26.3870967741935,"","","",-35511.0737178326,-0.0288285841893696,"","","","","","","",""
74,"","","","","","","",26.7741935483871,"","","",-9988741.51817751,"","",26.8387096774194,"","","",-10526238.4963013,"","",26.6129032258065,"","","",-35623.3826134801,0.0268698647965397,"",26.7096774193548,"","","",-27624.3738441467,0.0147941835746188,"",26.741935483871,"","","",-40108.4154922962,-0.0174139645675169,"","","","","","","",""
75,"","","","","","","",27.1290322580645,"","","",-9988741.51817751,"","",27.1935483870968,"","","",-10526238.4963013,"","",26.9032258064516,"","","",-37681.0756618977,0.0238471728017675,"",27,"","","",-38383.5513846874,0.0129488107665523,"",27.0645161290323,"","","",-37203.2638497353,-0.0184938117215019,"","","","","","","",""
76,"","","","","","","",27.4516129032258,"","","",-9988741.51817751,"","",27.5161290322581,"","","",-10526238.4963013,"","",27.258064516129,"","","",-37458.1130104661,0.0369341481064556,"",27.3548387096774,"","","",-38314.6044063568,-0.0244435097702596,"",27.4193548387097,"","","",-35565.3169344068,-0.0315551982531872,"","","","","","","",""
77,"","","","","","","",27.6129032258065,"","","",-9988741.51817751,"","",27.7096774193548,"","","",-10526238.4963013,"","",27.5483870967742,"","","",-41172.0116487741,0.00557201515979422,"",27.6129032258065,"","","",-34049.1815036535,0.000554574569518351,"",27.6129032258065,"","","",-43348.140016973,-0.00351728450200994,"","","","","","","",""
78,"","","","","","","",27.9677419354839,"","","",-9988741.51817751,"","",28.0645161290323,"","","",-10526238.4963013,"","",27.7741935483871,"","","",-36715.8122364879,0.0213491590838171,"",27.7741935483871,"","","",-29891.1421804428,0.00709805562216914,"",27.8709677419355,"","","",-34940.948464334,-0.00254701007393976,"","","","","","","",""
79,"","","","","","","",28.2903225806452,"","","",-9988741.51817751,"","",28.3225806451613,"","","",-10526238.4963013,"","",28.0967741935484,"","","",-37909.3893024325,0.0285665516917124,"",28.1612903225806,"","","",-33344.3176010847,0.00760086172994079,"",28.2258064516129,"","","",-45120.9960223436,-0.0633757530643635,"","","","","","","",""
80,"","","","","","","",28.6129032258065,"","","",-9988741.51817751,"","",28.6774193548387,"","","",-10526238.4963013,"","",28.3548387096774,"",0.709332188184035,-0.18628268928881,-57654.2925507426,0.0586340239553103,-6.72160965196349,28.4838709677419,"","","",-32602.6126545668,0.00435340818271079,"",28.5483870967742,"","","",-36635.3371423483,-0.00200391047590642,"","","","","","","",""
81,"","","","","","","",28.9354838709677,"","","",-9988741.51817751,"","",29.0322580645161,"","","",-10526238.4963013,"","",28.7096774193548,"","","",-36759.6685760617,0.0315974204907992,"",28.8064516129032,"","","",-31227.6204453707,0.00822619674125846,"",28.8709677419355,"","","",-38133.734388113,-0.0133248374770503,"","","","","","","",""
82,"","","","","","","",29.2258064516129,"","","",-9988741.51817751,"","",29.258064516129,"","","",-10526238.4963013,"","",29.0967741935484,"","","",-40943.9529537559,0.0475367377003835,"",29.1290322580645,"","","",-30047.7932443023,0.00272596178166751,"",29.1612903225806,"","","",-38722.9891409278,-0.0337688849188638,"","","","","","","",""
83,"","","","","","","",29.5806451612903,"","","",-9988741.51817751,"","",29.6129032258065,"","","",-10526238.4963013,"","",29.3225806451613,"","","",-37300.221594274,0.0364844238691813,"",29.4193548387097,"","","",-37171.4177304506,-0.0129879324950437,"",29.4838709677419,"","","",-39667.9357088208,-0.00652815244901106,"","","","","","","",""
84,"","","","","","","",29.8064516129032,"","","",-9988741.51817751,"","",29.8709677419355,"","","",-10526238.4963013,"","",29.6451612903226,"","","",-37905.4705908895,0.00492877322042062,"",29.741935483871,"","","",-41176.3207989931,-0.0103583747042748,"",29.741935483871,"","","",-38572.1960923672,-0.018855878120192,"","","","","","","",""
85,"","","","","","","",30.1290322580645,"","","",-9988741.51817751,"","",30.1290322580645,"","","",-10526238.4963013,"","",29.9032258064516,"","","",-39298.3089787364,0.0331660041183834,"",30,"","","",-32307.0507169962,0.00689938375713162,"",30.0967741935484,"","","",-35345.2016509175,-0.00890858021934449,"","","","","","","",""
86,"","","","","","","",30.3870967741935,"","","",-9988741.51817751,"","",30.4516129032258,"","","",-10526238.4963013,"","",30.1935483870968,"","","",-39635.1577499509,0.0245299359619935,"",30.2258064516129,"","","",-33495.0991914272,-0.00145358663897532,"",30.2903225806452,"","","",-37794.1428053379,-0.0221795841397459,"","","","","","","",""
87,"","","","","","","",30.8064516129032,"","","",-9988741.51817751,"","",30.8709677419355,"","","",-10526238.4963013,"","",30.5806451612903,"","","",-38520.2642853856,0.0416453501920859,"",30.6451612903226,"","","",-24861.4445009828,0.0123261013745957,"",30.741935483871,"","","",-37723.7463621497,-0.00944056374373403,"","","","","","","",""
88,"","","","","","","",31.0967741935484,"","","",-9988741.51817751,"","",31.1935483870968,"","","",-10526238.4963013,"","",31,"","","",-36088.2053867579,0.0251963455135922,"",31.0322580645161,"","","",-37571.2523406148,-0.0224922369812699,"",31.0645161290323,"","","",-46247.9435350299,-0.0475734603741742,"","","","","","","",""
89,"","","","","","","",31.4516129032258,"","","",-9988741.51817751,"","",31.5483870967742,"","","",-10526238.4963013,"","",31.2258064516129,"","","",-36796.5984212756,0.0221518487073151,"",31.3225806451613,"","","",-26035.731652379,0.0161402511007314,"",31.3548387096774,"","","",-33521.4353387952,0.00576781301176155,"","","","","","","",""
90,"","","","","","","",31.7096774193548,"","","",-9988741.51817751,"","",31.8064516129032,"","","",-10526238.4963013,"","",31.5806451612903,"","","",-45004.1476661563,0.0105775822007317,"",31.6129032258065,"","","",-36653.5262081623,-0.0113407939487864,"",31.6451612903226,"","","",-49805.9717007875,-0.0201596347575794,"","","","","","","",""
91,"","","","","","","",32.0645161290323,"","","",-9988741.51817751,"","",32.1290322580645,"","","",-10526238.4963013,"","",31.8387096774194,"","","",-39887.616725862,0.0421264188458981,"",31.9032258064516,"","","",-41824.2344803214,0.0155254185668596,"",31.9354838709677,"","","",-45414.4897510409,-0.00654562056473651,"","","","","","","",""
92,"","","","","","","",32.2903225806452,"","","",-9988741.51817751,"","",32.3548387096774,"","","",-10526238.4963013,"","",32.1612903225806,"","","",-35465.9609842896,0.041851133100657,"",32.1935483870968,"","","",-36912.2356435061,-0.00434351834978308,"",32.2258064516129,"","","",-38419.0813218951,-0.00638681951267728,"","","","","","","",""
93,"","","","","","","",32.6129032258064,"","","",-9988741.51817751,"","",32.6774193548387,"","","",-10526238.4963013,"","",32.4193548387097,"","","",-44425.2869517207,0.0351066323422593,"",32.4516129032258,"","","",-44940.6126917601,-0.0132430551763587,"",32.5161290322581,"","","",-35454.1263611317,-0.0190512034142216,"","","","","","","",""
94,"","","","","","","",32.8064516129032,"","","",-9988741.51817751,"","",32.8387096774194,"","","",-10526238.4963013,"","",32.7096774193548,"","","",-35033.6595059037,0.0366370575497115,"",32.7741935483871,"","","",-29682.3247024417,-0.00990370495146742,"",32.7741935483871,"","","",-33462.2049315572,-0.0282441963178002,"","","","","","","",""
95,"","","","","","","",33.0967741935484,"","","",-9988741.51817751,"","",33.1612903225806,"","","",-10526238.4963013,"","",32.9032258064516,"","","",-43794.87856704,0.0173684181835778,"",32.9677419354839,"","","",-31585.8559854627,-0.000129399274211295,"",33.0645161290323,"","","",-40506.7347527742,-0.0254461217805577,"","","","","","","",""
96,"","","","","","","",33.3548387096774,"","","",-9988741.51817751,"","",33.3870967741936,"","","",-10526238.4963013,"","",33.1612903225806,"","","",-36765.4005509615,0.0369477761136459,"",33.1935483870968,"","","",-27351.1124685407,0.00315918897635115,"",33.258064516129,"","","",-35945.3431456685,-0.0115621457992177,"","","","","","","",""
97,"","","","","","","",33.6129032258064,"","","",-9988741.51817751,"","",33.6451612903226,"","","",-10526238.4963013,"","",33.4838709677419,"","","",-38204.418432653,0.023994355279422,"",33.4838709677419,"","","",-32930.5870338082,0.00874957020069544,"",33.5161290322581,"","","",-36072.1842161417,-0.016815284601261,"","","","","","","",""
98,"","","","","","","",33.8387096774194,"","","",-9988741.51817751,"","",33.9032258064516,"","","",-10526238.4963013,"","",33.741935483871,"","","",-38714.647269845,0.023150781634353,"",33.8064516129032,"","","",-26249.1868451834,0.0135400127261676,"",33.8387096774194,"","","",-40666.5053172112,-0.0360317999106741,"","","","","","","",""
99,"","","","","","","",34.1290322580645,"","","",-9988741.51817751,"","",34.1935483870968,"","","",-10526238.4963013,"","",33.9032258064516,"","","",-32918.8013945818,0.0398900628659966,"",33.9677419354839,"","","",-26670.5342646837,0.0100523150073393,"",34.0322580645161,"","","",-36758.1606742144,-0.0279726465187835,"","","","","","","",""
100,"","","","","","","",34.3548387096774,"","","",-9988741.51817751,"","",34.4193548387097,"","","",-10526238.4963013,"","",34.258064516129,"","","",-39032.355083406,0.023488756212668,"",34.258064516129,"","","",-38827.9298277497,-0.0113898055102055,"",34.258064516129,"","","",-32713.2225826383,-0.0259447570840159,"","","","","","","",""
101,"","","","","","","",34.5483870967742,"","","",-9988741.51817751,"","",34.5806451612903,"","","",-10526238.4963013,"","",34.4516129032258,"","","",-39625.0974321961,-0.00234653841803301,"",34.4838709677419,"","","",-27072.892547965,0.011247409420152,"",34.5161290322581,"","","",-33056.2158246636,0.00569476452781714,"","","","","","","",""
102,"","","","","","","",34.7096774193548,"","","",-9988741.51817751,"","",34.8387096774194,"","","",-10526238.4963013,"","",34.6129032258064,"","","",-37474.9250847697,0.0216298960319339,"",34.6451612903226,"","","",-29271.4644194245,0.0111003747358964,"",34.6774193548387,"","","",-42334.5114421248,-0.0370862388963324,"","","","","","","",""
103,"","","","","","","",35.0645161290323,"","","",-9988741.51817751,"","",35.0967741935484,"","","",-10526238.4963013,"","",34.8709677419355,"","","",-37173.9892417789,0.037419305162425,"",34.9354838709677,"","","",-33518.5140653849,0.0132048086543204,"",34.9677419354839,"","","",-39445.2122477889,0.00202646022529862,"","","","","","","",""
104,"","","","","","","",35.2903225806452,"","","",-9988741.51817751,"","",35.3548387096774,"","","",-10526238.4963013,"","",35.0967741935484,"",0.665237526549736,-0.133190000192809,-56300.2144588828,0.0409380566189181,36.3577227865582,35.1290322580645,"","","",-31217.3567442298,0.00932239282477987,"",35.1935483870968,"","","",-39062.0106771588,-0.000901831174630274,"","","","","","","",""
105,"","","","","","","",35.5161290322581,"","","",-9988741.51817751,"","",35.5806451612903,"","","",-10526238.4963013,"","",35.3870967741936,"","","",-46904.2386183739,0.0300165716567431,"",35.4193548387097,"","","",-30425.7999440432,0.0078866166371423,"",35.4516129032258,"","","",-39826.7036789656,-0.0032616148081992,"","","","","","","",""
106,"","","","","","","",35.8064516129032,"","","",-9988741.51817751,"","",35.8064516129032,"","","",-10526238.4963013,"","",35.6451612903226,"",0.621053061410108,-0.082881612800177,-51690.7642096877,0.0233892717601805,-3.90032259410737,35.7096774193548,"","","",-27699.8462790847,0.0135588296649267,"",35.741935483871,"","","",-41632.4505067468,-0.0245838320678864,"","","","","","","",""
107,"","","","","","","",36.0645161290323,"","","",-9988741.51817751,"","",36.1612903225806,"","","",-10526238.4963013,"","",35.8387096774194,"","","",-35652.2859751582,0.0302632385868851,"",35.9354838709677,"","","",-33908.6149170399,0.0113358052719974,"",36.0322580645161,"","","",-38151.1308315992,-0.0688369212446034,"","","","","","","",""
108,"","","","","","","",36.3548387096774,"","","",-9988741.51817751,"","",36.4516129032258,"","","",-10526238.4963013,"","",36.2258064516129,"","","",-39318.3121675253,0.0492511410049019,"",36.2903225806452,"","","",-29564.1589372754,-0.000476856236414136,"",36.3548387096774,"","","",-38242.8195133209,0.00114829040742492,"","","","","","","",""
109,"","","","","","","",36.6451612903226,"","","",-9988741.51817751,"","",36.6774193548387,"","","",-10526238.4963013,"","",36.4838709677419,"","","",-38505.3399529457,0.0436295880389697,"",36.5161290322581,"","","",-44586.5221630931,0.0146458360806818,"",36.5806451612903,"","","",-36713.609679997,-0.0046574760557796,"","","","","","","",""
110,"","","","","","","",36.9032258064516,"","","",-9988741.51817751,"","",36.9354838709677,"","","",-10526238.4963013,"","",36.741935483871,"","","",-42594.2976637483,0.0570109282989648,"",36.8064516129032,"","","",-25821.0876691937,0.0159849019551626,"",36.8709677419355,"","","",-38282.2028501034,-0.0179173639025336,"","","","","","","",""
111,"","","","","","","",37.1935483870968,"","","",-9988741.51817751,"","",37.2258064516129,"","","",-10526238.4963013,"","",36.9677419354839,"","","",-39487.793573916,0.0197301518296289,"",37.0322580645161,"","","",-34707.8344022632,0.00318719558287661,"",37.1290322580645,"",0.435633217116042,0.0697673148423734,-52038.8623753786,-0.0198245645377391,-1.01073178488792,"","","","","","",""
112,"","","","","","","",37.4516129032258,"","","",-9988741.51817751,"","",37.5161290322581,"","","",-10526238.4963013,"","",37.2903225806452,"","","",-34290.7972790599,0.0397742248048818,"",37.3548387096774,"","","",-43054.8960773945,-0.0106760746470425,"",37.3870967741936,"","","",-31232.8620085716,-0.0310502109076474,"","","","","","","",""
113,"","","","","","","",37.7096774193548,"","","",-9988741.51817751,"","",37.741935483871,"","","",-10526238.4963013,"","",37.6129032258064,"","","",-44125.2018815279,0.0348763190207464,"",37.6451612903226,"","","",-40641.1388217807,0.0116031808436663,"",37.6451612903226,"","","",-43672.7399502397,-0.0345581261475871,"","","","","","","",""
114,"","","","","","","",38,"","","",-9988741.51817751,"","",38.0645161290323,"","","",-10526238.4963013,"","",37.7741935483871,"","","",-45738.1526883841,0.0342780495050992,"",37.8709677419355,"","","",-28859.7504989505,0.0139601118240442,"",37.9354838709677,"","","",-37109.6158121824,-0.0249189022877268,"","","","","","","",""
115,"","","","","","","",38.3548387096774,"","","",-9988741.51817751,"","",38.3870967741936,"","","",-10526238.4963013,"","",38.1290322580645,"","","",-38062.6974303722,0.0189846998363272,"",38.1935483870968,"","","",-29635.76995188,0.0129496859730054,"",38.258064516129,"","","",-37410.3411104083,-0.0161562602352241,"","","","","","","",""
116,"","","","","","","",38.6129032258064,"","","",-9988741.51817751,"","",38.6451612903226,"","","",-10526238.4963013,"","",38.4516129032258,"","","",-39337.7854135036,0.03543779291698,"",38.4838709677419,"","","",-36373.656303823,0.00107225918700493,"",38.5483870967742,"","","",-39131.0865604877,-0.00793512977023525,"","","","","","","",""
117,"","","","","","","",38.7741935483871,"","","",-9988741.51817751,"","",38.8387096774194,"","","",-10526238.4963013,"","",38.6774193548387,"","","",-37553.0443687439,0.0395643534941534,"",38.6774193548387,"","","",-41106.7407540083,0.00529863115293239,"",38.7096774193548,"","","",-40254.427598238,-0.0225210064016679,"","","","","","","",""
118,"","","","","","","",39,"","","",-9988741.51817751,"","",39,"","","",-10526238.4963013,"","",38.8387096774194,"","","",-39543.0393848419,0.0155940516474207,"",38.9032258064516,"","","",-40298.9705716968,-0.00429363158191087,"",38.9677419354839,"","","",-44735.3223406672,-0.00957395662746308,"","","","","","","",""
119,"","","","","","","",39.2258064516129,"","","",-9988741.51817751,"","",39.258064516129,"","","",-10526238.4963013,"","",39.0967741935484,"","","",-40267.2046601772,0.000629136951932452,"",39.1612903225806,"","","",-35972.6816006899,0.0132113727027257,"",39.1935483870968,"","","",-33499.0359496474,-0.0221938762344287,"","","","","","","",""
120,"","","","","","","",39.3225806451613,"","","",-9988741.51817751,"","",39.3225806451613,"","","",-10526238.4963013,"","",39.3225806451613,"","","",-42566.9554846883,0.0368510172625971,"",39.3225806451613,"","","",-38106.617649436,0.00573710958634166,"",39.3225806451613,"","","",-35770.9719434977,-0.0123958513225162,"","","","","","","",""
121,"","","","","","","",39.5806451612903,"","","",-9988741.51817751,"","",39.6451612903226,"","","",-10526238.4963013,"","",39.3870967741936,"","","",-35305.631831646,0.0294060369346258,"",39.4516129032258,"","","",-24641.0141162872,0.00930882712474457,"",39.5161290322581,"","","",-36725.6451085806,-0.012900838668056,"","","","","","","",""
122,"","","","","","","",39.8387096774194,"","","",-9988741.51817751,"","",39.9354838709677,"","","",-10526238.4963013,"","",39.6774193548387,"","","",-37099.5537757874,0.0190869098902535,"",39.7096774193548,"","","",-28327.3901085258,0.0107660458705023,"",39.741935483871,"","","",-35990.4269471169,-0.0195625428018467,"","","","","","","",""
123,"","","","","","","",40.1612903225806,"","","",-9988741.51817751,"","",40.1935483870968,"","","",-10526238.4963013,"","",40,"","","",-35737.8932062984,0.0356885482492775,"",40.0322580645161,"","","",-30807.2527037859,0.0046527287899476,"",40.0967741935484,"","","",-32289.6193259954,-0.00209760309662244,"","","","","","","",""
124,"","","","","","","",40.3870967741936,"","","",-9988741.51817751,"","",40.3870967741936,"","","",-10526238.4963013,"","",40.2258064516129,"","","",-40766.4307409525,0.0424807470328421,"",40.258064516129,"","","",-30981.1770353317,-0.00127635733205977,"",40.3548387096774,"","","",-40653.1364382505,-0.0306166840355324,"","","","","","","",""
125,"","","","","","","",40.4838709677419,"","","",-9988741.51817751,"","",40.5483870967742,"","","",-10526238.4963013,"","",40.4193548387097,"","","",-49836.1022378802,0.0297630907230069,"",40.4193548387097,"","","",-29541.4859830737,0.0111896457941949,"",40.4838709677419,"","","",-33533.513735652,-0.00278997568359074,"","","","","","","",""
126,"","","","","","","",40.7096774193548,"","","",-9988741.51817751,"","",40.7096774193548,"","","",-10526238.4963013,"","",40.5806451612903,"","","",-44765.3382955194,0.0386635422188846,"",40.6129032258064,"","","",-25637.6329626441,0.00699171803801946,"",40.7096774193548,"","","",-39081.3822315335,-0.0241376011116081,"","","","","","","",""
127,"","","","","","","",40.8709677419355,"","","",-9988741.51817751,"","",40.9032258064516,"","","",-10526238.4963013,"","",40.741935483871,"","","",-38562.7742840052,0.036727002397166,"",40.741935483871,"","","",-27046.8909806609,-0.00105361728953923,"",40.8064516129032,"","","",-38690.1584741473,0.00840708649694832,"","","","","","","",""
128,"","","","","","","",41.0322580645161,"","","",-9988741.51817751,"","",41.0967741935484,"","","",-10526238.4963013,"","",40.9032258064516,"","","",-38755.9083224535,0.0302659641883221,"",40.9677419354839,"","","",-22754.6930808425,0.00233518209999595,"",41.0322580645161,"","","",-34360.0410252213,-0.00137505830976181,"","","","","","","",""
129,"","","","","","","",41.2903225806452,"","","",-9988741.51817751,"","",41.3548387096774,"","","",-10526238.4963013,"","",41.1290322580645,"","","",-39462.3190848231,0.0277938436840319,"",41.1935483870968,"","","",-35136.5236766338,0.0141390915438677,"",41.2258064516129,"","","",-37409.2840895653,-0.0245044315418568,"","","","","","","",""
130,"","","","","","","",41.6129032258064,"","","",-9988741.51817751,"","",41.6774193548387,"","","",-10526238.4963013,"","",41.4193548387097,"","","",-44074.1555084586,0.0376932281069475,"",41.5161290322581,"","","",-26292.5390231013,0.0162999762785692,"",41.5806451612903,"","","",-38500.393152535,-0.0148985559029313,"","","","","","","",""
131,"","","","","","","",41.8387096774194,"","","",-9988741.51817751,"","",41.9032258064516,"","","",-10526238.4963013,"","",41.741935483871,"","","",-44280.4636361599,0.0379916814644101,"",41.741935483871,"","","",-28502.2626078129,0.00308260841163488,"",41.7741935483871,"","","",-37256.1292153001,-0.024153481216814,"","","","","","","",""
132,"","","","","","","",42.0322580645161,"","","",-9988741.51817751,"","",42.0645161290323,"","","",-10526238.4963013,"","",41.9354838709677,"","","",-41867.2764270306,0.0131151171395363,"",41.9354838709677,"","","",-37588.6631069183,-0.00544627848170975,"",41.9677419354839,"","","",-43939.9499530196,-0.0172154632524446,"","","","","","","",""
133,"","","","","","","",42.258064516129,"","","",-9988741.51817751,"","",42.2903225806452,"","","",-10526238.4963013,"","",42.1290322580645,"","","",-40852.0522948503,0.0232925129091299,"",42.1612903225806,"","","",-30304.9214451313,0.00733261095181703,"",42.2258064516129,"","","",-32624.7479317784,0.00146271649049723,"","","","","","","",""
134,"","","","","","","",42.4838709677419,"","","",-9988741.51817751,"","",42.5161290322581,"","","",-10526238.4963013,"","",42.3870967741936,"","","",-39493.0786782503,0.0286837525535475,"",42.3870967741936,"","","",-38885.5761359334,-0.0121293549637596,"",42.4516129032258,"","","",-37970.4676340818,-0.0186176765421067,"","","","","","","",""
135,"","","","","","","",42.7096774193548,"","","",-9988741.51817751,"","",42.7741935483871,"","","",-10526238.4963013,"","",42.5806451612903,"","","",-47917.5950604677,0.0161868699601921,"",42.6129032258064,"","","",-28608.7724980712,0.0102155410109948,"",42.6774193548387,"","","",-40398.1337373257,-0.0264021041139415,"","","","","","","",""
136,"","","","","","","",42.9032258064516,"","","",-9988741.51817751,"","",42.9677419354839,"","","",-10526238.4963013,"","",42.8064516129032,"","","",-40031.0192220807,0.0536148289071843,"",42.8709677419355,"","","",-34500.87888515,0.0234289704488866,"",42.9032258064516,"","","",-38158.1103202701,-0.00290590045159078,"","","","","","","",""
137,"","","","","","","",43.1290322580645,"","","",-9988741.51817751,"","",43.1935483870968,"","","",-10526238.4963013,"","",43,"","","",-43489.7547443509,0.00565514600365447,"",43.0645161290323,"","","",-31112.6314718723,0.00745776547472587,"",43.0967741935484,"","","",-39990.6880040765,-0.00780967693911094,"","","","","","","",""
138,"","","","","","","",43.3548387096774,"","","",-9988741.51817751,"","",43.3870967741936,"","","",-10526238.4963013,"","",43.1935483870968,"","","",-38790.7613651752,0.0276466612063775,"",43.2258064516129,"","","",-37556.7204522491,-0.0121311053766675,"",43.2903225806452,"","","",-38643.8157007098,-0.0165596149074503,"","","","","","","",""
139,"","","","","","","",43.5806451612903,"","","",-9988741.51817751,"","",43.6129032258064,"","","",-10526238.4963013,"","",43.4193548387097,"","","",-47053.4618906379,0.0418961055243852,"",43.4838709677419,"","","",-30033.7311429977,0.0103485723919885,"",43.5161290322581,"","","",-35476.149061203,-0.0263766959456113,"","","","","","","",""
140,"","","","","","","",43.8387096774194,"","","",-9988741.51817751,"","",43.8387096774194,"","","",-10526238.4963013,"","",43.6774193548387,"","","",-40405.2991356254,0.0340450105821475,"",43.7741935483871,"","","",-24488.1986919045,0.00519929522041451,"",43.8064516129032,"","","",-43982.1233664751,-0.0388870428266586,"","","","","","","",""
141,"","","","","","","",43.9677419354839,"","","",-9988741.51817751,"","",44,"","","",-10526238.4963013,"","",43.8709677419355,"","","",-49480.5565150976,0.0395956979106895,"",43.9354838709677,"","","",-29275.4232346416,0.00729585228075358,"",43.9354838709677,"","","",-39306.2669994235,-0.00908008535556348,"","","","","","","",""
142,"","","","","","","",44.1612903225806,"","","",-9988741.51817751,"","",44.1935483870968,"","","",-10526238.4963013,"","",44.0322580645161,"","","",-34192.5917342901,0.038029839884544,"",44.0645161290323,"","","",-44697.1083152294,-0.0110817328384307,"",44.1290322580645,"","","",-37504.9802840352,-0.000997111805865813,"","","","","","","",""
143,"","","","","","","",44.3870967741936,"","","",-9988741.51817751,"","",44.4838709677419,"","","",-10526238.4963013,"","",44.2903225806452,"","","",-38873.6644563079,0.0295123353907076,"",44.3225806451613,"","","",-43537.5736230016,0.019781985155447,"",44.3548387096774,"","","",-44749.7912088037,-0.0088482358195634,"","","","","","","",""
144,"","","","","","","",44.6451612903226,"","","",-9988741.51817751,"","",44.741935483871,"","","",-10526238.4963013,"","",44.5483870967742,"","","",-36647.3121287823,0.03872486825124,"",44.6129032258064,"","","",-27689.3276324868,0.000289824617210499,"",44.6451612903226,"","","",-35957.501750052,-0.035196506376856,"","","","","","","",""
145,"","","","","","","",44.9032258064516,"","","",-9988741.51817751,"","",45.0322580645161,"","","",-10526238.4963013,"","",44.741935483871,"","","",-40903.4567373395,0.0336225423592538,"",44.8064516129032,"","","",-32603.7642056942,0.00110901785807016,"",44.8709677419355,"","","",-38059.4335561395,0.00609176715795812,"","","","","","","",""
146,"","","","","","","",45.4193548387097,"","","",-9988741.51817751,"","",45.5161290322581,"","","",-10526238.4963013,"","",45.0967741935484,"","","",-43835.7901439071,0.019670188597992,"",45.2258064516129,"","","",-29734.4023154378,0.00425450985341946,"",45.3225806451613,"","","",-36864.7980371118,-0.00953108034340744,"","","","","","","",""
147,"","","","","","","",45.8709677419355,"","","",-9988741.51817751,"","",45.9354838709677,"","","",-10526238.4963013,"","",45.5806451612903,"","","",-41871.6591963768,0.0309051177255402,"",45.6451612903226,"","","",-35183.8174824715,0.00445974576686048,"",45.741935483871,"","","",-33668.0819437504,-0.0439400923031101,"","","","","","","",""
148,"","","","","","","",46.2258064516129,"","","",-9988741.51817751,"","",46.2903225806452,"","","",-10526238.4963013,"","",46,"","","",-46379.9849190712,0.060704118247493,"",46.0967741935484,"","","",-30614.0184058547,0.00561107985697795,"",46.1612903225806,"","","",-34047.7286013365,-0.0273247382263904,"","","","","","","",""
149,"","","","","","","",46.4838709677419,"","","",-9988741.51817751,"","",46.5161290322581,"","","",-10526238.4963013,"","",46.3870967741936,"","","",-36847.2752667069,0.0546996182795194,"",46.4193548387097,"","","",-24824.7294973731,0.0128967359825438,"",46.4838709677419,"","","",-36012.3837624788,-0.0133248374770503,"","","","","","","",""
150,"","","","","","","",46.7096774193548,"","","",-9988741.51817751,"","",46.741935483871,"","","",-10526238.4963013,"","",46.5161290322581,"","","",-36661.9958385229,0.0319244926633626,"",46.5483870967742,"","","",-38272.1975317597,0.0142887518474861,"",46.6451612903226,"","","",-35589.8289330602,0.0167028534564047,"","","","","","","",""
151,"","","","","","","",47,"","","",-9988741.51817751,"","",47,"","","",-10526238.4963013,"","",46.7741935483871,"","","",-44396.7588467598,0.0174978842518829,"",46.8387096774194,"","","",-37111.8378475308,-0.00331952679871073,"",46.9354838709677,"","","",-33379.6470194459,-0.0147683390402449,"","","","","","","",""
152,"","","","","","","",47.0967741935484,"","","",-9988741.51817751,"","",47.1290322580645,"","","",-10526238.4963013,"","",47.0322580645161,"",0.659833019385103,-0.13154531847184,-50666.041212678,0.0363863022174122,-1.47374178252699,47.0322580645161,"","","",-39671.9022583365,0.0062543566006017,"",47.0967741935484,"","","",-35868.26369524,-0.0102171008882941,"","","","","","","",""
153,"","","","","","","",47.2903225806452,"","","",-9988741.51817751,"","",47.3548387096774,"","","",-10526238.4963013,"","",47.1612903225806,"",0.537236827006507,0.0202067867452148,-51555.4225717783,-0.00568744438069579,21.5751810975247,47.1935483870968,"","","",-45740.7144599557,0.0052785014044936,"",47.258064516129,"","","",-34926.3320716023,-0.0150446528708272,"","","","","","","",""
154,"","","","","","","",47.5483870967742,"","","",-9988741.51817751,"","",47.6129032258064,"","","",-10526238.4963013,"","",47.3870967741936,"","","",-34091.3239800334,0.0433638418987634,"",47.4516129032258,"","","",-24374.7021515965,0.00520892249140736,"",47.5161290322581,"","","",-32836.0346563458,-0.0244679072998863,"","","","","","","",""
155,"","","","","","","",47.9032258064516,"","","",-9988741.51817751,"","",48,"","","",-10526238.4963013,"","",47.6774193548387,"","","",-46698.0106981993,-0.0102541895901105,"",47.741935483871,"","","",-33620.1599408984,0.0151180099625652,"",47.8064516129032,"","","",-44128.3603400588,-0.0103393776983793,"","","","","","","",""
156,"","","","","","","",48.2258064516129,"","","",-9988741.51817751,"","",48.2903225806452,"","","",-10526238.4963013,"","",48.0645161290323,"","","",-47944.390109539,0.0379671510514683,"",48.1290322580645,"","","",-43578.0784330368,0.0210899812008147,"",48.1935483870968,"","","",-38235.7254425287,-0.0154607116272132,"","","","","","","",""
157,"","","","","","","",48.5161290322581,"","","",-9988741.51817751,"","",48.5806451612903,"","","",-10526238.4963013,"","",48.3548387096774,"","","",-40991.0519698262,0.0254130308279148,"",48.4516129032258,"","","",-26423.6812231541,0.0104500963406409,"",48.4838709677419,"","","",-35113.2113538384,-0.0248934941193966,"","","","","","","",""
158,"","","","","","","",48.9354838709677,"","","",-9988741.51817751,"","",48.9677419354839,"","","",-10526238.4963013,"","",48.6774193548387,"","","",-39678.532844305,0.0446694049875784,"",48.741935483871,"","","",-30440.8760979772,-0.00048779631708662,"",48.8387096774194,"","","",-45721.4540504813,0.0137555059302272,"","","","","","","",""
159,"","","","","","","",49.1935483870968,"","","",-9988741.51817751,"","",49.2258064516129,"","","",-10526238.4963013,"","",49.0322580645161,"","","",-37649.1874338388,0.0311504218549619,"",49.1290322580645,"","","",-29371.5376542211,0.0100619422783321,"",49.1290322580645,"","","",-39478.7905634642,-0.0475131159743931,"","","","","","","",""
160,"","","","","","","",49.3548387096774,"","","",-9988741.51817751,"","",49.3870967741936,"","","",-10526238.4963013,"","",49.3225806451613,"","","",-41095.3160488009,0.024262827021067,"",49.3225806451613,"","","",-26093.0198911428,0.0138563998592556,"",49.3548387096774,"","","",-32657.1403215528,-0.0189463947198654,"","","","","","","",""
161,"","","","","","","",49.5483870967742,"","","",-9988741.51817751,"","",49.5806451612903,"","","",-10526238.4963013,"","",49.3870967741936,"","","",-34995.1828009486,0.0523433358363441,"",49.4516129032258,"","","",-35373.6630115509,-0.0194889660346806,"",49.4838709677419,"","","",-35473.4234369993,0.00900100243164204,"","","","","","","",""
162,"","","","","","","",49.7741935483871,"","","",-9988741.51817751,"","",49.8064516129032,"","","",-10526238.4963013,"","",49.6129032258064,"","","",-39007.2930902839,0.0214990671629085,"",49.7096774193548,"","","",-33219.1078947783,0.00479976347420497,"",49.741935483871,"","","",-32923.488093257,0.00660310654558316,"","","","","","","",""
163,"","","","","","","",50,"","","",-9988741.51817751,"","",50.0645161290323,"","","",-10526238.4963013,"","",49.8387096774194,"","","",-38536.2857424021,0.0363672230073462,"",49.8387096774194,"","","",-28761.0293342471,0.00825945458650779,"",49.9354838709677,"","","",-43036.092564404,-0.0180062924916875,"","","","","","","",""
164,"","","","","","","",50.4516129032258,"","","",-9988741.51817751,"","",50.4838709677419,"","","",-10526238.4963013,"","",50.1290322580645,"","","",-43723.7344748974,0.0233606529450796,"",50.258064516129,"","","",-36293.6149033308,0.00890798256885361,"",50.3225806451613,"","","",-37658.7610635757,0.0256227085504435,"","","","","","","",""
165,"","","","","","","",50.8064516129032,"","","",-9988741.51817751,"","",50.9032258064516,"","","",-10526238.4963013,"","",50.5806451612903,"","","",-35195.9165042043,0.0281549858745702,"",50.6129032258064,"","","",-27926.8336305022,0.0128713549953812,"",50.7096774193548,"","","",-40347.7977738976,0.00264102029676039,"","","","","","","",""
166,"","","","","","","",51.1935483870968,"","","",-9988741.51817751,"","",51.2258064516129,"","","",-10526238.4963013,"","",51,"","","",-38183.8423328996,0.0246226064108868,"",51.0645161290323,"","","",-39345.6122375131,-0.00935144967905188,"",51.1290322580645,"","","",-34460.4279288054,-0.0133486576348574,"","","","","","","",""
167,"","","","","","","",51.5161290322581,"","","",-9988741.51817751,"","",51.5483870967742,"","","",-10526238.4963013,"","",51.2903225806452,"","","",-40854.3324808478,0.0329738492170026,"",51.3548387096774,"","","",-44963.0736688375,0.00274477872042667,"",51.4193548387097,"","","",-46949.9686634541,-0.0267228822390955,"","","","","","","",""
168,"","","","","","","",51.7096774193548,"","","",-9988741.51817751,"","",51.7096774193548,"","","",-10526238.4963013,"","",51.6129032258064,"","","",-40393.0302458405,0.0383296560427269,"",51.6774193548387,"","","",-34205.4659044743,0.005897272367406,"",51.7096774193548,"","","",-44417.068829298,-0.0645810530494764,"","","","","","","",""
169,"","","","","","","",51.9354838709677,"","","",-9988741.51817751,"","",51.9354838709677,"","","",-10526238.4963013,"","",51.7741935483871,"","","",-36475.5047035217,0.0219869498203149,"",51.8387096774194,"","","",-29243.827191174,0.00915872921789784,"",51.9032258064516,"","","",-35422.9356521368,0.000663947198649595,"","","","","","","",""
170,"","","","","","","",52.0967741935484,"","","",-9988741.51817751,"","",52.1612903225806,"","","",-10526238.4963013,"","",51.9677419354839,"","","",-33684.1360567212,0.0399036908731869,"",52.0322580645161,"","","",-29556.7340102792,0.00777677822717671,"",52.0645161290323,"","","",-34466.1570391059,-0.00350140439680402,"","","","","","","",""
171,"","","","","","","",52.4193548387097,"","","",-9988741.51817751,"","",52.4516129032258,"","","",-10526238.4963013,"","",52.1935483870968,"","","",-36762.9542208314,0.0335244207074847,"",52.2903225806452,"","","",-30695.3860954046,-0.000563064072123254,"",52.3548387096774,"","","",-36051.9862376451,0.00155640911120969,"","","","","","","",""
172,"","","","","","","",52.6774193548387,"","","",-9988741.51817751,"","",52.741935483871,"","","",-10526238.4963013,"","",52.4838709677419,"","","",-38731.2903353572,0.0274217990877403,"",52.5483870967742,"","","",-29614.5435981154,0.0137378093847502,"",52.6129032258064,"","","",-33715.8125941753,-0.00370466974343486,"","","","","","","",""
173,"","","","","","","",52.7741935483871,"","","",-9988741.51817751,"","",52.8064516129032,"","","",-10526238.4963013,"","",52.741935483871,"","","",-42044.3030716777,0.0264569361786791,"",52.7741935483871,"","","",-38282.2750367522,0.0145556898159285,"",52.7741935483871,"","","",-36109.0252601504,-0.032379375713365,"","","","","","","",""
174,"","","","","","","",53,"","","",-9988741.51817751,"","",53.0645161290323,"","","",-10526238.4963013,"","",52.9032258064516,"","","",-37467.2022440434,0.0222404307540511,"",52.9354838709677,"","","",-23269.1270849705,-0.000567877707620568,"",52.9677419354839,"","","",-33360.1265082359,-0.00711412833110003,"","","","","","","",""
175,"","","","","","","",53.258064516129,"","","",-9988741.51817751,"","",53.3225806451613,"","","",-10526238.4963013,"","",53.1612903225806,"","","",-46001.9037408233,0.0266177466635238,"",53.1935483870968,"","","",-45276.2841307521,-0.0247717121904767,"",53.2258064516129,"","","",-41009.1906195283,-0.0154638876482558,"","","","","","","",""
176,"","","","","","","",53.4838709677419,"","","",-9988741.51817751,"","",53.5483870967742,"","","",-10526238.4963013,"","",53.3548387096774,"","","",-33039.8145276308,0.0265482438268538,"",53.4193548387097,"","","",-24381.0528704524,0.0163861841142801,"",53.4193548387097,"","","",-34300.3322373629,0.007751238151954,"","","","","","","",""
177,"","","","","","","",53.8387096774194,"","","",-9988741.51817751,"","",53.9032258064516,"","","",-10526238.4963013,"","",53.6129032258064,"","","",-41943.129847765,0.0494555611127545,"",53.7096774193548,"","","",-28203.1514864564,0.00112564678069482,"",53.7741935483871,"","","",-35448.8942511082,-0.0326144012704077,"","","","","","","",""
178,"","","","","","","",54.0645161290323,"","","",-9988741.51817751,"","",54.0967741935484,"","","",-10526238.4963013,"","",53.9677419354839,"","","",-37278.3449864984,0.0177254719719588,"",54,"","","",-43115.1491307616,-0.011243646032403,"",54.0322580645161,"","","",-47387.6125373244,-0.0570951714555115,"","","","","","","",""
179,"","","","","","","",54.2258064516129,"","","",-9988741.51817751,"","",54.258064516129,"","","",-10526238.4963013,"","",54.1290322580645,"","","",-35770.7668414712,0.0360483276390973,"",54.1612903225806,"","","",-28596.1684553027,0.00570866537658965,"",54.1612903225806,"","","",-34094.9379028082,-0.0153844871222262,"","","","","","","",""
180,"","","","","","","",54.4838709677419,"","","",-9988741.51817751,"","",54.4838709677419,"","","",-10526238.4963013,"","",54.3225806451613,"","","",-45159.7560318708,0.0247561608813509,"",54.3548387096774,"","","",-31557.7833448052,0.0106338896959617,"",54.3870967741936,"","","",-37554.0243330002,-0.00845758523150408,"","","","","","","",""
181,"","","","","","","",54.741935483871,"","","",-9988741.51817751,"","",54.8064516129032,"","","",-10526238.4963013,"","",54.5483870967742,"","","",-36958.1937073469,0.0285011372571997,"",54.6129032258064,"","","",-22934.2548568845,0.0124035571457668,"",54.6774193548387,"","","",-34646.6154209375,-0.0226353431591484,"","","","","","","",""
182,"","","","","","","",54.9354838709677,"","","",-9988741.51817751,"","",55.0322580645161,"","","",-10526238.4963013,"","",54.8387096774194,"","","",-47191.5506370068,0.0226519965711933,"",54.8709677419355,"","","",-29149.0333316326,0.00108101125154469,"",54.8709677419355,"","","",-41097.0851979852,-0.0272929780159785,"","","","","","","",""
183,"","","","","","","",55.2903225806452,"","","",-9988741.51817751,"","",55.3225806451613,"","","",-10526238.4963013,"","",55.0322580645161,"","","",-36287.4466568232,0.0321643455899085,"",55.1290322580645,"","","",-27144.9590268135,0.0102081017561364,"",55.2258064516129,"","","",-43763.8342368007,0.00950281375614281,"","","","","","","",""
184,"","","","","","","",55.4193548387097,"","","",-9988741.51817751,"","",55.4193548387097,"","","",-10526238.4963013,"","",55.3225806451613,"","","",-48373.4116722941,0.0565053292322109,"",55.3548387096774,"","","",-36814.7061337233,0.0182363705578439,"",55.3870967741936,"","","",-39784.2982365489,-0.0724559972209811,"","","","","","","",""
185,"","","","","","","",55.5483870967742,"","","",-9988741.51817751,"","",55.5806451612903,"","","",-10526238.4963013,"","",55.4193548387097,"","","",-36500.6125295758,0.0242164917966203,"",55.4516129032258,"","","",-24044.8457596302,0.0139141634852145,"",55.4838709677419,"","","",-35199.4029542804,-0.0286269068532583,"","","","","","","",""
186,"","","","","","","",55.6774193548387,"","","",-9988741.51817751,"","",55.6774193548387,"","","",-10526238.4963013,"","",55.6129032258064,"","","",-41130.7420024872,0.0177172951676443,"",55.6774193548387,"","","",-25728.6627967358,0.00895786933672582,"",55.6774193548387,"","","",-38476.7061458826,-0.00863226638876569,"","","","","","","",""
187,"","","","","","","",55.8064516129032,"","","",-9988741.51817751,"","",55.8709677419355,"","","",-10526238.4963013,"","",55.741935483871,"","",-0.168413423187803,-53931.218742311,0.0495863899817799,22.7616021231501,55.7741935483871,"","","",-29374.2417942882,0.0147254798679874,"",55.7741935483871,"","","",-42739.8388368487,-0.00720940896233557,"","","","","","","",""
188,"","","","","","","",56.0967741935484,"","","",-9988741.51817751,"","",56.1290322580645,"","","",-10526238.4963013,"","",55.9032258064516,"","",-0.11456780276945,-50613.5596974492,0.0316573837224361,-13.8669718471984,55.9354838709677,"","","",-30036.9107992053,-0.00812659824680573,"",56.0322580645161,"","","",-41306.2607454062,-0.0104457744032551,"","","","","","","",""
189,"","","","","","","",56.3548387096774,"","","",-9988741.51817751,"","",56.4193548387097,"","","",-10526238.4963013,"","",56.1935483870968,"","","",-36418.6919808984,0.0250287210251532,"",56.258064516129,"","","",-43036.3881864548,0.0211109861557084,"",56.3225806451613,"","","",-33782.592536509,0.0110193638032854,"","","","","","","",""
190,"","","","","","","",56.6451612903226,"","","",-9988741.51817751,"","",56.6774193548387,"","","",-10526238.4963013,"","",56.4838709677419,"","","",-35229.6294539571,0.0292002540260548,"",56.5161290322581,"","","",-30433.4082026482,0.0080113335568246,"",56.5483870967742,"","","",-33261.9252603054,-0.00542766115825444,"","","","","","","",""
191,"","","","","","","",56.8064516129032,"","","",-9988741.51817751,"","",56.8387096774194,"","","",-10526238.4963013,"","",56.6774193548387,"","","",-36220.4275241494,0.0384809269225368,"",56.741935483871,"","",-0.0249017060162181,-59049.7414076328,0.00802883768590235,-264.747576518227,56.7741935483871,"","","",-34522.9583035111,-0.034211939854103,"","","","","","","",""
192,"","","","","","","",56.9354838709677,"","","",-9988741.51817751,"","","","","","","","","",56.8709677419355,"","","",-38973.6689417362,0.0334290246571527,"",56.9032258064516,"","","",-42121.7213989496,0.00934471058935493,"",56.9032258064516,"","","",-33297.1406692266,-0.00416042876284095,"","","","","","","",""

"avg MC","stdev MC","avg SG","stdev Sg"
0,0,nan,nan


